-0.042647813,-0.05735817,-0.058075137,-0.07477844,-0.19065785,0.00122982,-0.002475647,-0.013532155,0.007275692,0.02727441,-0.093654096,0.012814019,-0.057127215,0.002995806,0.038284156,0.028210387,0.004622376,-0.047980342,-0.036538765,-0.065657414,0.056679677,0.068620965,0.06455205,-0.13294607,0.03246731,-0.12200436,-0.09812907,0.05345677,0.14750062,-0.001115769,-0.21418978,-0.08993229,0.17243981,0.020612335,0.07666544,0.12330137,0.13009207,0.010104282,0.20291619,-0.029697828,-0.04588423,0.05772,0.14211054,-0.11127363,-0.003290488,0.027058672,-0.03989411,0.09508308,0.10416966,-0.052978925,0.15337992,0.12419761,0.018411892,0.012731315,0.027944269,0.07314912,-0.19613546,-0.061919868,0.11694755,0.054610267,-0.10642065,-0.04932817,0.001019768,0.20372199
1.7880819,-0.11832504,0.5098384,-0.11870902,0.6735374,-1.1492194,-0.055311818,0.30554312,-1.5920181,-0.37117252,-0.98738587,-0.035188563,-0.0930405,-0.078364104,0.8010238,-1.0501585,-0.6505724,-1.0771723,0.47844982,-0.8624938,-0.8442162,0.22675137,-0.061314173,-0.98852473,0.48427063,-1.3784304,0.07165159,0.48829925,1.1503481,0.6279281,-0.25878495,-0.22511198,0.24010912,0.3791577,-0.3288618,0.36181194,0.9427505,-0.05309216,1.1407298,-0.3645545,1.9079814,0.030388331,-1.0681618,1.474754,0.88214403,-0.1355678,-0.10949936,0.36550367,-0.32137293,-0.007247258,-0.8679752,-0.25663996,-0.24533653,-1.0860972,0.42827773,0.6543222,0.4169138,-0.430559,-1.1627166,-0.28832453,0.056252133,1.8323014,-0.7858645,-0.45694396
-0.15487877,-0.8576503,-0.061916884,-0.3158093,0.46594498,0.22187304,0.07574148,0.10919678,0.72518456,-0.5318742,0.34755337,0.11123445,0.12574057,0.20283657,0.619586,-0.34652,-0.16053739,-0.31122717,0.15345907,-0.18467352,-0.66019326,0.19900335,-0.61859256,-0.6751547,0.012475455,-0.25174767,-0.42911878,0.3349501,-0.31904802,-0.063173324,-0.47681162,0.011318579,0.50361943,0.46973017,-0.50238186,-0.2986641,-0.6504626,-0.40384763,-0.12640326,-0.4833299,-0.8251894,-0.005300211,0.07628608,0.19976167,-0.21829592,-0.25404385,0.006041895,0.81494856,0.047357306,-0.63387537,0.4330656,0.67606616,0.6158697,-0.08936293,0.058345888,-0.037511237,0.34129095,-0.034873188,0.2039819,-0.06504343,0.619924,-0.4357605,0.007497721,0.023205692
-0.19996567,-0.43874413,-0.08841491,-0.1985516,0.3019273,0.2061103,0.063899025,-0.120299116,0.3357222,-0.23846877,0.16019063,-0.036636792,0.17825522,0.1838809,0.21077052,-0.09948853,-0.03870055,-0.11047264,0.05528101,-0.1360119,-0.36678615,0.16620447,-0.33511102,-0.31045914,0.05001385,-0.15165043,-0.21772274,0.22442226,-0.13549331,-0.03885176,-0.30148837,-0.08329025,0.28912067,0.24731568,-0.27282327,-0.080146596,-0.34121794,-0.2612128,-0.09233169,-0.18503232,-0.3931818,-0.034918554,-0.113490656,-0.003189935,-0.13319466,-0.16961841,0.003093502,0.39278358,0.12306788,-0.25926515,0.33318087,0.24096534,0.36846444,0.21065444,0.015848335,0.023850083,0.24843551,-0.1428141,-0.006848601,-0.038826276,0.38456768,-0.25987113,0.057557046,-0.011521226
0.48349822,-0.31229702,-0.14435951,-0.34903568,-0.052805554,-0.13585398,-0.024853047,0.2529876,0.4186198,0.07918146,0.031613022,-0.19240043,0.19494277,0.37933552,0.1425657,0.11202417,0.102472,-0.098298594,0.02614659,-0.13670033,0.1938704,0.03161712,-0.2419892,-0.035201795,0.08172576,-0.21843703,0.037684426,0.110393144,-0.18170632,0.04304305,-0.08943198,0.18752907,-0.058119778,-0.04811789,0.07844056,-0.32624492,0.06465908,-0.27997193,0.10053758,-0.2271658,0.15654328,-0.14435786,-0.07729341,0.16694209,0.31509447,-0.04423517,0.25373116,0.13265209,0.15737364,-0.09628091,-0.08244129,-0.14174345,-0.1322004,0.3852697,0.2984158,-0.22017348,-0.23142308,-0.08140409,-0.031352464,-0.14115441,-0.2676428,-0.2658347,-0.14332378,-0.04029742
0.11805402,-0.025033576,-0.0790471,-0.07827167,-0.14500369,-0.04258401,0.06522922,-0.1015196,0.09140671,0.08177948,-0.04887712,0.053199865,-0.07952158,-0.07198321,-0.008262357,0.058276363,-0.03131923,-0.004349677,0.015467285,0.052816715,0.07055547,0.08979068,-0.014424091,-0.07112786,0.061743293,0.048085578,-0.051641162,0.021930583,0.1292358,-0.00739634,-0.16229333,-0.07212349,0.05911934,0.07450846,0.026026994,-0.028044255,0.11477285,-0.070303805,0.053130746,0.09123008,0.002926219,-0.07625601,0.10367885,-0.06923763,0.07442298,0.003720239,-0.06267342,-0.012451781,0.06483389,-0.016885264,0.060845863,-0.08093172,0.046121377,0.058745455,-0.07628078,0.014335965,-0.15790425,-0.026717177,0.042902038,0.01900502,-0.08276046,0.001586256,-0.061413802,0.054700725
0.20262562,-0.37558946,-0.06798247,-0.11362903,-0.11891083,0.14373033,0.09540715,-0.25197643,0.09933465,-0.03019081,0.40667957,-0.1563584,0.1649815,-0.24530923,0.095541626,-0.06067656,-0.08002915,-0.13260908,-0.11192712,-0.004417305,-0.001019552,0.1947969,0.17177688,-0.17931502,-0.12375899,0.22710325,0.09586326,0.02906956,-0.061495718,-0.009326779,0.09909836,-0.25664437,0.0645392,0.16164702,0.30406392,-0.05001206,-0.37935752,0.43736124,0.29417518,0.26484352,0.21626729,-0.21490021,0.06762265,0.03135357,-0.0766499,-0.068145186,-0.14183421,0.14940125,0.018963166,-0.105165586,0.1491316,-0.25001186,-0.28405362,0.2524991,0.19945331,-0.177105,-0.25081182,0.24668914,0.16082935,0.13638647,-0.20642652,0.47979125,-0.011473218,0.22936654
0.083055675,-0.24166137,0.3452298,0.08745967,0.036019005,0.32053873,-0.28676996,0.2602878,0.37521946,0.0553564,-0.3151533,0.13077645,-0.00442898,-0.12824628,0.1116941,0.22262761,0.12415395,-0.39324147,0.23139307,0.11337344,0.11215221,-0.005026479,0.1545693,-0.15989417,-0.106888294,-0.044802472,0.34609607,-0.08574776,-0.0888613,0.038779337,-0.2940755,-0.12311582,-0.03306265,0.19131619,-0.16707061,0.020730829,0.1475084,-0.056364473,0.23268573,-0.20332208,0.1231539,0.07530374,-0.2164428,0.00482516,-0.20267785,-0.10010921,0.136545,0.10981634,0.22371848,-0.18035793,-0.002809297,0.1931659,0.2416945,-0.0647204,-0.05066137,-0.1727272,-0.042660963,0.21307372,0.19516587,0.048882656,-0.029052438,0.004339884,-0.019383207,-0.1860446
0.20074846,-0.14430092,-0.064910606,-0.09097336,-0.02023071,0.077588454,0.08393141,0.053579777,0.13198404,0.090754025,0.052888993,-0.020714346,0.15036832,0.017776,0.00273973,0.15264693,0.032332756,-0.05447851,-0.06182597,0.03828556,-0.035790563,0.15654029,-0.15298803,-0.089565076,-0.033843845,-0.19903226,-0.064716525,0.04997263,0.10906183,-0.029851468,-0.1006261,0.13928224,0.071829796,-0.001428667,-0.03422175,-0.041841708,0.15466659,-0.13297692,0.043013528,-0.01863056,-0.04710276,-0.13045171,0.15333958,0.044853088,0.009695556,-0.02538738,-0.001457535,-0.016448021,0.028470714,0.016676499,-0.071915224,-0.05016063,-0.14982456,0.084821135,0.114286914,-0.099529535,-0.19335167,-0.09364168,0.059271544,0.07057174,-0.19557802,-0.04388631,-0.036454897,0.060673732
-0.1088042,0.16575253,-0.076317385,0.026948806,0.001274734,-0.10574873,0.1011507,0.011682199,0.010522945,0.024307242,0.08523567,0.022031773,0.084729455,-0.014335462,-0.11508917,0.07581969,-0.05128752,0.073180616,-0.014054217,0.027753245,-0.04628005,-0.045126684,-0.032852724,-0.18608148,-0.026245149,-0.094148256,-0.043586202,-0.003655693,0.13157375,-0.03438008,-0.094218925,-0.053512305,-0.05964547,-0.04811956,0.034486838,0.19766362,0.2017434,-0.16703716,-0.014277711,-0.08565171,-0.056533538,-0.09990126,-0.057024967,-0.059624672,-0.013978195,0.023971202,-0.1683947,0.017626654,0.12979876,-0.045446966,0.03733004,0.015885763,0.052412137,-0.043934718,-0.046236917,0.00988782,-0.1623074,-0.04123551,-0.01767611,0.060525008,-0.070629224,-0.04021944,-0.008740716,-0.05115327
0.017174033,-0.100901954,-0.068820246,-0.005483165,-0.017329562,0.033567615,0.098716095,-0.012659333,0.105598144,0.1302811,0.21201774,0.12965864,0.08463534,0.072589494,-0.014043159,-0.060925897,-0.06044894,0.013299064,0.08208706,-0.14142308,-0.15209216,0.21655993,0.08388429,-0.2589445,0.05668162,0.11408852,-0.056027696,-0.07014139,-0.08220622,-0.044911645,-0.034656618,-0.15571873,0.04057431,0.011358051,0.036919612,0.047694303,-0.06364612,-0.08545477,-0.05064452,0.14872092,0.21687153,-0.22830532,0.07874,-0.09739532,-0.04988206,-0.01922109,0.02908417,0.105414726,-0.028207531,-0.14827362,0.14445685,-0.06254336,-0.14906326,0.07332101,-0.098793395,-0.11289429,-0.058175042,-0.08124784,0.21974376,0.008416904,-0.13428155,-0.117070995,-0.054058466,-0.08722597
0.2876265,-0.20197405,-0.16192782,-0.1679332,-0.06697559,0.07463422,0.18648079,-0.002808048,0.2310359,-0.071304806,-0.08869948,-0.014844004,-0.12689175,-0.2375136,-0.075970106,0.004620902,0.034227137,-0.04652551,-0.01111577,0.14824247,-0.14248489,0.22802442,0.009743853,0.001182691,-0.030641692,0.13339484,-0.26493463,0.085194,0.2946579,0.1736499,-0.07287131,-0.05193686,0.1229185,0.22943197,-0.006130791,-0.22283228,0.094163276,0.18487674,0.26135257,0.26332107,0.13017549,-0.076523446,0.17286758,-0.11031717,-0.004234573,0.16718066,0.1016522,0.069711566,-0.16353703,-0.10196048,0.16678677,-0.08519053,-0.07747784,0.004731288,0.038159415,0.09983262,-0.21827835,0.09115901,0.19762234,0.15416981,0.008934286,-0.027887672,-0.05894627,0.10531883
-0.028824262,-0.5320899,-0.11197563,-0.15624595,0.27221736,0.15287992,0.22670107,-0.16114897,0.5774815,-0.26767194,0.31532335,0.25576437,-0.16382027,0.016678039,0.42034757,-0.25387847,0.012657157,-0.26869616,0.22819705,-0.18699081,-0.3922277,0.045763317,-0.4661437,-0.3535713,0.089319944,-0.12829107,-0.25736597,0.25915658,-0.04906907,-0.14170898,-0.36404312,0.15460688,0.3795416,0.18282668,-0.25642022,-0.09858958,-0.44933915,-0.49494243,-0.15024978,-0.18794572,-0.6140411,0.041908942,-0.024107967,-0.016184106,-0.16590887,0.030257309,-0.023167375,0.5510825,0.094219096,-0.3764466,0.3011741,0.5460557,0.3420965,-0.12215635,0.12139993,-0.14654149,0.34618652,-0.097629525,0.21299523,-0.14086677,0.46365795,-0.31383398,0.056688603,-0.10435213
0.09026991,-0.100611255,0.024182573,-0.121574156,0.27661067,0.19378239,-0.057923805,0.0317638,0.11581948,0.23628107,-0.06321065,0.08244988,0.14268558,-0.13085073,-0.031142062,0.16031812,0.01326341,0.024916787,0.115815856,-0.008414142,0.14590938,0.058884606,-0.11000352,-0.041384086,-0.09025998,0.07936194,-0.09260973,-0.031506334,-0.0435772,-0.21085937,0.08411965,-0.108228035,-0.1249187,-0.13108005,-0.000534106,0.06575695,0.003904017,-0.0807689,0.09323362,0.23354445,-0.22381096,-0.47808775,-0.038124774,-0.32631528,-0.089237384,0.11146102,-0.018369341,0.360699,-0.041440863,-0.15852672,0.100528695,-0.04209025,0.018892745,0.059013452,-0.21374682,0.02876206,-0.033258945,-0.21889544,-0.10709176,-0.16177803,-0.12156232,0.094987534,0.13154905,-0.12978722
0.031077582,0.045910254,0.09187577,-0.106280886,0.18930493,-0.11409796,0.16679326,0.098240055,-0.08162659,0.2737559,-0.002270604,0.19069755,0.082640566,-0.10665481,-0.15178749,-0.045368515,0.108362466,-0.078234054,0.054192323,-0.24557282,-0.072615504,-0.031162225,0.08471382,0.20162605,0.14117528,0.09999905,0.10965837,-0.001172206,-0.02264283,-0.05412527,0.10521977,-0.14994738,0.044214822,-0.0727601,0.08392012,-0.028562376,0.1815774,0.028489914,-0.11593523,0.07531217,-0.12298434,0.06578004,0.030308073,-0.27039254,-0.19578278,0.1001669,0.1590173,-0.113402344,0.110103674,0.059106648,0.008547887,-0.039572913,-0.20602196,0.049707286,0.06116983,-0.042568646,0.054992482,-0.019182349,-0.08839211,0.010596873,0.062578514,-0.061125252,0.101962015,0.017731013
-0.31807804,-0.2871904,0.04451624,0.22004932,-0.40019614,0.3357593,-0.55634123,0.64869004,-0.35236865,-0.31240675,0.045925744,-0.53049153,0.089162335,0.21991083,0.37338567,0.015073912,0.13568988,0.14552355,0.14904292,-0.47166178,0.049298804,0.027727894,0.570265,-0.21246463,-0.33686984,0.3016832,-0.10960581,0.39369744,0.5514677,0.27455136,-0.5530985,-0.14589043,0.5572106,-0.30377728,-0.17473415,0.39750463,-0.07151045,0.18868445,0.108992964,-0.025138421,0.14953597,0.16894667,0.41505876,-0.49354196,0.015898354,0.14269976,0.2805346,0.011550942,0.47118747,-0.43697643,0.2673926,0.06974414,-0.21418875,0.03959059,0.48947492,-0.05475784,0.022137355,0.21671815,0.09914707,-0.094896935,0.30827254,-0.44251516,-0.1362887,0.6061796
0.44657356,-0.43216512,-0.051130276,-0.20844999,-0.5805929,0.118448734,-0.45823446,0.64835185,0.15242524,-0.007693104,-0.006722272,-0.548939,0.06148034,0.5046347,0.2183624,0.40269002,0.2182776,-0.017020911,0.037979405,-0.20189828,0.47163603,-0.21471807,0.17854336,-0.2528705,-0.14557223,0.07393814,0.085400864,0.5179863,0.17194805,0.30290413,-0.5732432,-0.27035254,0.36828718,-0.33090186,-0.12418742,-0.006425871,0.13438028,-0.20232292,0.05636816,-0.24234357,0.46794933,-0.064272545,0.35964018,-0.5252818,0.36866772,-0.050723717,0.5585688,0.36960235,0.48228458,-0.31366524,0.27193636,-0.21889092,-0.3720114,0.34517252,0.51044637,0.038990222,0.06305475,0.17232212,-0.16299546,-0.47530472,-0.11594104,-0.6778981,-0.12920503,0.2442292
-0.15655117,-0.7648094,-0.24158835,-0.16683507,0.35675967,0.33778322,0.05130821,-0.07233581,0.41837615,-0.14894824,0.28441957,-0.14082932,0.18505363,0.20216495,0.37814453,-0.08643171,-0.2201319,-0.11321805,-0.0210134,-0.05000444,-0.60856503,0.18902439,-0.4981,-0.41753224,0.19525799,-0.14087689,-0.3006877,0.30587333,-0.14320055,-0.18084526,-0.46629483,-0.07204877,0.39471626,0.24654087,-0.34251678,-0.06368889,-0.46824527,-0.31084314,-0.13177639,-0.20256391,-0.33757094,-0.044149164,-0.06023937,0.052023172,-0.18269843,-0.44823232,0.13871042,0.60928196,0.05287131,-0.60602623,0.31337196,0.370415,0.56265193,0.3325998,-0.07879147,-0.11090867,0.15909046,-0.19673026,0.17626509,-0.21570277,0.2663603,-0.29288688,0.044031046,0.019275121
-0.057379864,-0.043661617,0.20287101,0.07428979,-0.20149845,0.027437571,0.21160004,-0.20226854,0.14479978,0.17566748,0.03673952,0.19510958,-0.1547941,-0.169961,-0.1256389,-0.014768032,-0.099725075,0.06950774,0.130603,0.06318844,-0.1660497,-0.048809305,0.030618563,0.10189483,-0.07840064,-0.19794562,-0.0717439,0.11047528,0.37473485,0.20853189,-0.15354204,0.03346939,0.07534875,0.005427971,-0.04850439,-0.18214682,0.057512917,-0.1846847,-0.11352764,0.12917352,-0.15389308,-0.13465145,0.22943406,-0.19806138,0.15751359,-0.29599234,0.15427268,-0.14710476,-0.02069776,-0.07990485,0.07716741,0.003536256,0.20141436,-0.006832875,-0.10381184,0.07771895,-0.15962045,-0.117169276,-0.124945164,0.2145025,-0.20755671,0.16953394,-0.22643846,0.23189807
-0.3120225,-0.100490816,0.005626326,-0.22484443,0.04867617,-0.69488066,-0.028232617,-0.16296768,0.001184717,0.1333649,0.23696874,0.18103233,-0.074611954,0.1387183,0.077409364,0.38206303,0.2910772,-0.2208922,0.3459455,-0.55090445,-0.23640426,0.027716676,0.24281026,0.07489517,0.21599026,0.14171374,-0.06728749,-0.115369454,0.23489673,-0.20631249,-0.25853416,-0.2833812,-0.14469315,-0.03019642,0.39521623,0.2390785,0.19841154,0.36423767,-0.031071221,-0.21172589,-0.100536406,-0.06775228,-0.1056605,-0.25004068,-0.06763862,-0.46562117,-0.07879664,-0.16974291,0.25957847,-0.20797743,0.41360244,-0.23008028,0.3395427,-0.18195523,0.20254046,0.3876503,-0.3184614,0.12661716,0.1917625,0.1317506,-0.05801477,-0.24774541,0.33124277,0.19658133
-0.030630484,-0.1289947,0.26663792,-0.014992463,0.20018125,-0.20277892,0.004268094,-0.061302483,-0.14058742,0.1864729,-0.120138235,-0.09146886,0.11696468,0.11966507,-0.03300485,-0.051916767,-0.081532046,-0.15827025,0.0913736,0.019834783,-0.14695188,0.028969752,0.14436485,0.14735767,-0.04315537,-0.11738376,-0.21501727,-0.074987344,-0.10053178,-0.000447515,0.054496057,-0.11323343,-0.04412261,0.11044508,0.08683046,0.019637424,0.17326176,0.088748194,0.14103743,-0.017893337,-0.03795369,0.16044995,-0.098886855,0.05629891,-0.0657414,-0.079382926,-0.11440527,-0.028392525,0.06104437,-0.019563597,0.08943631,-0.16645329,-0.114409536,0.106365055,0.08703235,0.064882636,0.048136424,0.16876957,0.06294438,0.00574828,0.19297886,-0.08564854,0.06089879,-0.18985507
0.08932202,-0.14005846,-0.038691327,0.19713038,0.1688204,-0.5200858,-0.049600504,-0.03382332,0.040462367,0.18085937,-0.17044844,0.37771794,-0.13712953,0.1737803,0.20723078,0.08989115,-0.073543645,-0.26459023,0.15114184,-0.10757142,0.001291815,0.14771791,0.013537297,-0.091641195,-0.37909606,0.02697783,-0.19712955,-0.15966825,0.0999323,0.0752459,0.06818024,0.041538034,-0.06769958,0.20063357,-0.010691654,0.2844024,0.3227285,0.51958627,-0.35918805,-0.33977574,0.03414701,0.06637194,0.059876908,0.24932368,0.21919198,-0.5654802,0.03554164,-0.017968114,-0.07736795,0.056037318,0.27452174,-0.28609678,0.42033994,0.26655477,0.151389,0.29371253,-0.28740957,0.24271706,-0.2584998,0.14881855,-0.08617191,0.04764807,0.27740103,0.19189912
-0.05217344,-0.122577704,-0.12880701,-0.23440214,-0.00847611,-0.020814061,0.04348155,0.06609754,0.06322463,-0.0698573,0.061362837,-0.05261331,0.029319895,-0.079917215,0.030417439,0.000904089,0.029272499,-0.016156401,-0.07964127,-0.14112413,0.028004985,0.12740579,0.1281875,0.30121106,-0.003984951,-0.07657153,0.08887889,-0.021763917,-0.07971801,-0.0929527,-0.008710796,0.015476331,0.026541026,-0.017914765,0.029464845,-0.044639625,0.021817686,0.1415584,-0.067779355,0.015142517,0.045286,0.03846849,0.12559406,-0.0898701,-0.120184645,-0.047495987,0.010672078,-0.12646507,-0.050561227,-0.12584125,-0.10899273,0.03990116,-0.025384286,-0.11039897,0.09631708,0.07852668,-0.00058038,-0.058977205,-0.13454582,0.010782891,-0.08633598,-0.029787268,-0.07201558,-0.100326285
-0.076557204,-0.3806002,-0.08104838,-0.15558347,0.0231424,-0.10168949,-0.024606649,-0.3000638,0.21263112,-0.42193726,-0.002540004,0.12607631,0.07443971,0.07556692,0.15641549,-0.20686856,-0.12949446,-0.13996696,0.28777882,-0.13113046,-0.07135785,0.13513736,-0.08395431,-0.23623464,-0.09798446,-0.0297579,-0.1235384,-0.13350111,0.16344078,-0.25516552,0.018496338,-0.054614414,-0.02275543,-0.09098505,-0.14454183,-0.2912707,-0.20419773,-0.22277293,0.06431089,-0.33638108,-0.15503238,0.021201998,-0.13713372,-0.09426335,-0.031179212,0.10325921,-0.13045165,0.36596268,0.2395443,-0.02788007,0.3566752,0.28230166,0.046144262,-0.11790828,0.24413759,-0.17451334,0.193032,0.012770836,0.25644314,0.09316281,0.38536963,-0.014122527,-0.2183292,0.088132136
0.6121912,-0.17209832,-0.3765386,-0.36108232,-0.1450764,-0.27380854,-0.08892653,0.22828707,0.07772322,-0.103094764,-0.14751951,-0.13767466,0.22541623,0.8893574,-0.12236195,0.5224757,0.4127139,0.12266564,-0.123803064,-0.2323157,0.07813316,0.24664384,-0.31252566,-0.37786993,-0.35407072,-0.39439785,0.5914095,0.24430566,-0.08783622,-0.15237412,-0.04811323,0.30554616,0.26737815,0.017071232,0.1946156,-0.09844357,0.038894795,-0.50297964,-0.15916573,-0.16713643,0.23980235,-0.049987417,0.14872903,0.2921667,0.008270711,-0.11194475,0.45129406,0.14337611,0.073780805,0.034708403,0.20477453,-0.1950027,-0.04293578,0.36497074,0.49476478,0.008746574,-0.31030196,0.14338118,-0.25035828,0.018150471,-0.25546855,-0.439806,0.113330305,0.2607913
-0.19495423,-0.5002714,-0.08761455,-0.18952803,0.31835604,0.33493614,0.15629217,0.04569384,0.4714831,-0.146186,0.20185114,-0.12444064,0.18872833,0.17154746,0.36600465,6.59E-05,-0.1697222,0.004813118,0.03583615,-0.14854574,-0.5588387,0.083087705,-0.39614958,-0.3701701,0.05928014,-0.23072274,-0.40066645,0.2668881,-0.24292476,0.018313702,-0.32094017,-0.009926192,0.31268546,0.32760638,-0.3066586,0.024393642,-0.368176,-0.2655899,-0.14244309,-0.30600473,-0.45224708,0.1696764,0.016677495,0.10773779,-0.078514785,-0.43549082,-0.047364682,0.5148899,-0.03015428,-0.52928805,0.32502723,0.37113675,0.509839,0.19492465,-0.06899274,-0.15923,0.23938762,-0.1765461,0.081265315,-0.18738528,0.34990042,-0.33955288,-0.06396795,-0.009560288
-0.00726061,-0.06540331,-0.24538602,-0.22312559,0.08714476,-0.27209502,0.10999878,0.19427337,0.079468146,0.051089548,-0.05119875,0.079931356,0.03674481,-0.016000351,0.042951696,0.022946332,0.09043879,0.026203398,0.080910824,-0.2755994,0.07054224,0.21507464,0.2088666,0.16725095,0.106180124,-0.22289617,0.107397854,0.11787222,-0.10711841,-0.091834374,0.01518188,0.008217494,-0.26128492,0.007513007,0.3965388,0.047563452,0.28236872,0.0317254,-0.057728514,0.058454808,-0.000479291,0.071844846,0.046056356,-0.09196198,-0.19963536,0.1125736,-0.003510477,-0.20767327,0.19538432,-0.29749516,0.06702468,-0.037908677,0.13571072,-0.14760534,0.1000541,-0.003098649,0.05334604,0.1739646,-0.16102105,0.046314903,0.07056078,0.13415124,0.103873104,-0.015663575
0.7157234,0.050617732,-0.40095,-0.467376,-0.0329372,-0.3041441,0.07169864,0.081257164,0.40743244,0.15296997,0.10910902,-0.055911195,-0.058042865,0.72825533,-0.020022836,0.521932,0.16715442,-0.028623274,-0.24466962,-0.18878154,0.021732453,-0.14647396,-0.1999022,-0.28063712,0.029404558,-0.3081672,0.26621762,0.1903028,0.03886732,-0.22486337,0.22812416,0.119878426,0.14369357,-0.036511995,-0.1354605,-0.47391847,-0.10422717,-0.30097905,-0.19677156,-0.017841967,0.29766193,-0.0328218,0.2076198,0.062709466,0.14528021,0.10944839,0.60064006,-0.16675182,0.06072576,0.1025278,0.18915543,-0.35562745,-0.08810431,0.3296559,0.33778822,-0.19433384,-0.3653135,0.120398976,-0.17108475,-0.15123336,-0.33601013,-0.31068057,0.09783332,-0.13109462
-0.42396063,-0.4831787,-0.048295822,-0.33991358,0.658916,-0.22389178,0.32464078,-0.2020536,0.19497149,0.001898041,-0.23605098,-0.056284048,0.018065648,-0.2832361,0.49893945,-0.05911853,0.4101261,0.014006861,-0.103236295,-0.02141968,-0.5732386,-0.014781958,-0.29077968,0.004211835,-0.20478332,0.11483693,-0.46511567,0.25629777,0.16496827,-0.35365283,0.06594026,-0.50579226,-0.14905235,-0.23824802,0.3341232,-0.32323223,-0.12234792,0.31062508,-0.76552504,-0.31945565,-0.09966723,0.085690446,0.17950529,-0.101607196,-0.18876727,-0.40443102,0.33954826,-0.52699125,0.10742034,0.04175113,0.5712619,-0.18921119,-0.40743995,-0.109367676,0.12864113,0.53662246,-0.12729701,-0.19862375,-0.4333548,-0.11818609,0.24244536,-0.25979707,-0.08192622,-0.35910589
0.35144964,-0.23491256,-0.13566932,-0.28343204,-0.20144719,0.07578921,0.263492,-0.0565499,0.29321453,0.0364139,-0.03817431,0.045623798,-0.005383685,-0.22678822,-0.004637511,0.07487966,0.060223613,-0.031814925,-0.06339794,0.056941498,-0.095307864,0.37361833,0.078283116,-0.18867806,-0.049482882,0.22521928,-0.3233155,0.073085256,0.3029575,0.20866571,-0.12592632,-0.21554694,0.18713236,0.22901548,-0.0248307,-0.12809417,0.08485822,0.15263745,0.080518626,0.41807392,0.07716649,-0.1608767,0.27176902,-0.16095941,-0.114133954,0.17841394,-0.090399235,0.062363736,-0.15982744,-0.14669801,0.07760048,-0.29115334,-0.16219816,0.015460068,-0.1297057,-0.026989875,-0.17505917,-0.004519848,0.34059787,0.114517644,-0.04899929,0.11224787,0.06382306,0.12528566
-0.14079766,0.13773824,0.41647446,-0.14274985,-0.27821866,-0.64638054,-0.03021939,0.03285569,-0.3933572,0.2686679,-0.11700576,0.122656584,-0.22760159,0.28541818,-0.054996833,0.26203054,-0.068213284,-0.12313808,0.22950377,-0.21701801,-0.21206109,-0.04928711,0.16021077,-0.31393734,-0.18598324,-0.17886607,-0.37781245,-0.07493311,-0.030698977,-0.108851075,-0.3772117,-0.3059954,0.14437056,0.039841104,0.44759297,0.10034943,0.21482454,-0.13939229,-0.041168664,0.12774645,-0.13640057,-0.018261155,0.022083148,-0.1424314,-0.05752735,0.16698433,-0.07715672,0.20830181,0.37382984,-0.37267536,0.18858181,0.048764113,0.23328975,0.4144274,-0.049793232,0.2842234,-0.39006534,0.45388815,0.22583845,-0.08325034,0.011610329,-0.2985405,0.45749873,0.047051337
-0.24294594,-0.3047821,-0.33023846,-0.24659994,0.21501599,-0.22351512,-0.047727704,-0.04625716,-0.117245436,0.057711303,0.19862472,-0.1384262,-0.18299787,-0.10209624,0.13920441,0.30282718,0.22492029,-0.21497229,0.22357951,-0.29446706,-0.22438368,0.14648758,-0.024784146,-0.014720726,0.13149989,0.027909776,-0.15860666,0.059218507,0.11142498,-0.124145076,0.19500175,-0.3760218,-0.24110506,-0.28967258,0.4989195,0.22409372,0.3068521,0.47791234,-0.072331496,-0.22015856,0.022030488,0.06964444,-0.010122424,-0.11591273,-0.04849701,-0.2802582,0.20214082,-0.1943075,0.16284043,-0.09902439,0.54831797,0.038230844,0.23762478,-0.36416483,0.24515589,0.38312116,-0.011575765,0.05282823,0.024141788,-0.014572801,0.24063264,-0.06197696,0.0282653,0.11403574
-0.22772366,-0.6669688,-0.1726321,-0.17906451,0.21243618,0.29877886,0.3135463,-0.3621319,0.805272,-0.17085996,0.118647,0.007979984,0.15388724,0.017774345,0.3196521,0.027575739,-0.21614245,0.08310791,0.24878772,-0.23020665,-0.50549686,0.014168818,-0.4207288,-0.23930131,0.21952572,-0.20099762,-0.32049522,0.11039622,0.086920165,-0.2637696,-0.42968857,0.081962235,0.24987182,0.011653926,-0.36324504,0.221075,-0.4311969,-0.47767645,-0.27605018,-0.31730202,-0.25966004,0.4462228,-0.18422285,-0.027947802,-0.16384685,-0.32147378,-0.084630266,0.68373203,0.06858649,-0.67228496,0.41747147,0.43120676,0.5851485,-0.04432015,0.017198041,-0.46612877,0.41996685,-0.3774455,0.052304313,-0.24993996,0.40893775,-0.20735621,-0.022808341,-0.008201109
0.19187167,-0.107564,-0.14282921,-0.1580835,-0.16300698,0.095487915,0.14974326,-0.13052082,0.097270705,0.065839075,-0.021914473,-0.061221264,-0.044314764,-0.16933177,0.006110577,-0.009300531,-0.124269605,-0.051997107,-0.06397781,0.013413061,-0.05963093,0.11043701,0.08445515,-0.08560416,-0.038565144,0.070071615,-0.11269779,-0.00061555,0.08593413,0.11003413,-0.07648041,-0.08448022,0.041158166,0.048424162,-0.051039036,-0.060203835,-0.046754684,0.088466324,0.069518484,0.17047033,-0.029588133,-0.026672347,0.12279528,-0.074168056,0.008804325,0.13947986,-0.006780101,0.020376997,-0.014992094,-0.006129862,0.001115451,-0.18817565,-0.046735235,-0.041057363,0.07348325,-0.034554433,-0.15726243,-0.020371472,0.19393568,0.1347469,0.020184722,-0.05505379,0.01993853,0.059708923
0.08899923,-0.24696219,0.018063106,-0.050240375,0.1398079,-0.012574871,0.12698634,0.054560166,-0.18411903,-0.15726078,0.24629708,-0.23022336,0.12560382,-0.1035554,-0.058138616,-0.187454,0.0750268,0.04398967,-0.002482158,0.102668874,-0.025672736,-0.112915546,-0.12067257,0.1913268,0.21664701,-0.19396555,-0.12556763,-0.1510962,-0.050943173,-0.22400409,0.24158914,0.045108963,0.17309375,-0.1295188,-0.23956007,-0.14302225,0.14129542,0.18511908,0.022927959,0.04569022,0.008785054,-0.048009973,0.17873731,-0.13563879,0.2223887,0.06865674,0.14139098,-0.025958743,0.083960615,-0.10937545,0.28114006,-0.19972342,0.022488663,0.001340077,0.3440029,0.12524354,0.17392759,-0.019651894,0.01919428,0.2867965,0.07508357,0.06796824,0.048094414,-0.048515327
0.12091479,-0.159602,0.054710332,-0.06722645,0.074645504,0.06480878,0.000358381,0.077431135,0.015204389,-0.025178729,0.03959053,0.08787657,0.0407134,-0.10275941,-0.031695,0.041842043,0.016512508,-0.0749899,-0.015795385,0.009623948,-0.16081052,0.1917339,-0.08120505,-0.08547042,0.16952245,0.1256978,-0.11597467,0.104983896,0.008654447,-0.05183271,-0.10300917,-0.002923498,0.040450174,0.059560165,0.09117402,0.012035897,-0.029936608,0.034038775,-0.03634852,0.20629095,0.14005707,-0.1609305,0.026571767,-0.08043693,0.021824598,0.008859111,0.02022833,0.058118135,-0.110982545,-0.10822855,-0.003719837,-0.1303984,-0.08424451,0.12162235,-0.14436567,-0.07809655,-0.090189,0.09291296,0.12031071,-0.022577608,-0.1436664,0.12507302,0.06011556,-0.014033472
0.10594377,-0.060691707,-0.09848577,-0.14174546,-0.100726314,-0.05041193,0.09863688,-0.12770009,0.018330138,0.04635493,0.026180962,0.04132668,-0.10309822,0.015264075,0.020425625,0.016515058,0.017192677,-0.1071558,-0.018285839,-0.07231137,0.053328812,0.09395121,0.086951025,-0.09195605,-0.046082526,0.08579755,-0.002169145,0.100203864,0.11893543,0.058574453,-0.14941348,-0.104105204,0.018385354,0.014571648,0.13403396,-0.11198678,-0.04414884,0.16490653,0.028290123,0.06955074,0.029421678,-0.04407787,0.010784317,-0.01656378,0.021707775,0.010712473,-0.001856426,0.007761072,-0.035423964,-0.09173903,0.06061341,-0.09860427,0.008821283,0.05034041,0.09259037,0.09147923,-0.1686061,0.05497808,0.11508807,0.0601971,-0.14559874,-0.092576765,0.040452395,0.063712895
0.6897421,-0.42577872,-0.040151842,-0.16325656,-0.12932487,0.30926424,-0.06882497,1.0627818,-0.032523435,-0.26799405,-0.32907337,-0.07101203,-0.18188608,0.16047773,-1.0467285,0.97006005,-0.8502561,0.023201488,0.661867,-0.103752,0.3529583,0.052110367,-1.3205793,-0.83278984,0.08008062,-0.6920922,0.15832758,0.30962175,-0.80771405,0.1457242,0.97892725,-0.1273884,0.57255065,-0.5711902,-1.1658686,0.26416072,-0.12578337,0.47543448,-0.0572405,-0.96019953,0.2748725,0.63666296,-0.38671446,-0.81793594,-0.06031767,-0.43967307,0.8542451,0.24419267,-0.4306373,0.33420554,0.18284886,-0.6085635,-0.2040347,0.63396806,0.91295516,0.077836975,-1.5060239,0.016681865,-0.4625524,0.11454765,0.054242983,0.34025878,0.8922348,0.65469384
0.121851854,-0.011638719,-0.14934847,-0.07828365,-0.11676799,0.12379352,0.22065015,-0.017353794,0.18068203,0.04543712,0.02766652,0.014493447,0.019936632,-0.123370096,-0.04005051,-0.017248552,0.04679728,-0.051650614,-0.029768005,-0.10979398,-0.04563013,0.08422704,0.054518692,-0.11411762,-0.038481258,0.11674092,-0.10299851,0.06780527,0.23177889,0.11538711,-0.12583244,-0.103915714,0.06125049,0.076758,0.020554638,0.005823117,0.094417535,0.12644029,0.08012326,0.14067261,0.015148278,0.016181381,0.07030486,0.019344037,-0.19380878,0.12142662,-0.016325893,-0.06988276,-0.025941253,-0.06911798,0.1010433,-0.19258729,-0.030351162,0.00556471,-0.028897936,0.006080932,-0.1634405,-0.078382336,0.24748626,0.002528768,-0.087225124,0.025341533,-0.059102457,0.055360265
0.088222414,-0.14624685,-0.03450367,-0.039755095,-0.1275966,0.0408949,0.21712618,0.10294843,-0.01314416,0.12716334,0.008659739,0.13358079,-0.06506739,0.031986736,-0.09423363,-0.013451895,0.00299494,0.024809435,0.05034089,0.066220395,-0.04572925,0.101624005,0.055728007,-0.005478663,-0.09140618,0.05891099,-0.12847632,0.004881529,0.11147404,0.06876367,-0.055192474,0.041479584,0.05790381,0.07422463,-0.06415346,-0.07701722,0.10501523,0.1650998,0.06330244,0.18417145,-0.048866883,-0.09499563,0.04423906,0.06376947,0.073695734,0.10676823,0.04744267,-0.073605515,-0.13984987,-0.028471377,0.12616134,-0.09680557,-0.12147689,-0.013226761,-0.07398467,-0.020409055,-0.10379656,0.038296744,0.010852177,0.006235367,-0.17809269,0.15101844,-0.09483959,0.15379634
0.11186402,-0.38963208,0.27284402,-0.049373746,0.025385054,0.2839653,-0.33543772,0.28911707,0.37561208,0.031053541,-0.35618508,0.19878906,0.06912643,-0.14442545,0.24003094,0.27543166,0.17020434,-0.111649215,0.29892558,0.08866267,0.28326434,-0.175545,0.349454,-0.15351436,-0.03559695,0.09173001,0.07238808,-0.035949532,-0.14584906,0.14362921,-0.56409866,-0.2447635,-0.14853242,0.233021,-0.22596091,-0.014476556,0.10923978,-0.019337544,0.2136958,-0.2623685,0.23762268,0.095167935,-0.40741202,-0.036484245,-0.43094853,-0.068121046,0.07974204,0.08704125,0.14528382,-0.16104245,0.21574403,0.15705444,0.21094811,0.1740349,-0.28609297,-0.35293752,-0.006997876,0.28408825,0.2617798,0.04582662,0.059144527,0.049247302,0.094630316,-0.11999917
-0.004975472,-0.027778558,0.038893223,-0.002036959,-0.12757014,-0.022292988,0.017249957,0.11876424,-0.017684387,0.05631017,0.06277462,0.032563962,0.102606475,0.019875543,-0.07593055,0.041054465,-0.101088375,4.15E-05,0.12722868,0.01244888,0.07764087,0.16419955,-0.14358668,-0.057323672,0.205356,-0.19294806,-0.038172662,0.07766362,-0.15077904,0.12079728,0.17106667,-0.046166353,-0.090109184,-0.13726476,0.21039309,-0.14595236,0.15856178,0.056569472,0.007300444,-0.046600327,0.03027954,-0.051068828,-0.022153102,-0.13326429,-0.07198477,0.11643615,0.020154253,-0.008063681,0.27282307,-0.06538443,0.24987482,0.06164072,0.1573368,-0.0950748,0.033066567,0.10481028,-0.040577106,-0.05139462,0.14740114,0.03827074,0.027767323,-0.09521425,0.24847768,0.047396366
-0.33485037,-0.006570728,-0.062403437,-0.116602264,-0.055537373,-0.2588627,0.000171612,-0.06913554,-0.038316686,-0.0641586,-0.07952822,0.05527889,0.054832194,0.20712323,0.032323282,0.27470028,-0.004587766,-0.003940353,-0.08257238,-0.2902274,0.09208429,0.048048902,0.06359406,0.041959263,0.055262152,-0.14668587,0.12745555,0.024839135,0.05796992,-0.110557005,-0.083386354,-0.2605574,-0.11392061,-0.1313794,0.18744902,0.13827659,0.23558983,0.02606304,0.21755552,-0.19502956,-0.07181253,-0.23180002,0.046005737,-0.26375946,0.24496269,-0.15762405,-0.016089885,0.3092468,0.08838762,0.076253876,0.13346002,-0.24484877,0.1301591,-0.053435624,0.10205287,0.04828414,-0.24838533,-0.24849969,0.08162498,-0.000692278,-0.0831071,0.0551333,0.11924485,0.11686246
0.36788052,-0.33998832,-0.3732482,-0.4573843,-0.39891034,0.39413688,0.7086277,-0.16672006,0.11839015,0.28428605,0.17808324,-0.08306186,0.053626947,-0.2914047,-0.13965353,0.002682214,-0.20741095,-0.3675381,0.012843469,-0.08248714,0.065381005,0.20326059,0.4304548,-0.18456174,-0.33597636,-0.13881654,-0.4607576,-0.052312177,0.42633674,0.23099215,-0.2613599,-0.2713451,0.36519754,0.1180173,0.07948036,0.1329718,0.045924075,0.30867383,0.22387636,0.18553875,-0.48517883,-0.052690055,0.08565754,-0.23576078,-0.027077205,0.48870456,-0.3113856,0.011424075,-0.112011306,0.3289236,-0.03451546,-0.19696555,0.14783207,-0.43101084,0.09276557,-0.15025894,-0.39220855,0.03232767,0.515267,0.23015134,-0.21759658,-0.180489,0.045934226,0.076561764
0.17320171,-0.077005364,-0.049038175,-0.11520293,-0.13934673,0.07546764,0.14886266,0.06155843,0.09027686,0.085863516,-0.059322476,0.04180084,-0.046931334,-0.095503144,0.002034289,0.027096199,0.075479515,0.10205529,0.009001155,-0.002871424,-0.025664248,0.15581742,0.07545411,-0.09786942,-0.012290371,0.13197069,-0.21349584,0.086577326,0.16671553,0.07914844,-0.10103021,-0.08228213,0.14681762,0.1711599,0.009942995,-0.14592703,0.10416246,0.15543789,0.07129452,0.28931096,-0.026392624,-0.07046851,0.1212332,-0.06346883,-0.035052862,0.03260345,-0.06671539,-0.08406356,-0.09255063,-0.0744495,0.083774775,-0.13662493,0.033309378,-0.01293769,-0.053455953,0.019123737,-0.031774167,-0.1060199,0.10402997,-0.008721836,-0.020914985,0.093568444,-0.022343297,0.11940847
0.24581714,-0.06765469,-0.008396586,-0.17496292,-0.27611732,0.15911777,0.15114711,-0.1545524,0.11378432,0.21082778,0.009230908,0.08535655,-0.042180404,-0.15631567,-0.02292668,-0.005279474,-0.03891369,-0.09715603,-0.035342105,-0.12414343,0.061416782,0.09545747,0.13935591,0.035083562,-0.14344086,-0.2997995,-0.23351546,0.1180767,0.06734635,-0.056126185,-0.11193105,0.1137431,0.15930076,0.07091281,0.08579848,0.07706938,0.19616984,0.03975498,0.15920524,-0.020892479,-0.17816474,0.04518333,0.2308216,-0.016262498,-0.053202637,0.22280104,-0.16144347,-0.16286293,-0.18041989,0.08056018,0.16295668,0.0634934,0.10645428,-0.20498453,0.09374268,-0.040917136,-0.3109584,-0.14126398,0.004554195,-0.03879586,-0.15924042,-0.02644984,-0.14474365,0.13655066
0.20526813,-0.23342375,-0.06509215,-0.042253025,-0.20523497,0.13238855,0.2526857,-0.09483884,0.030402064,0.19463782,0.25435117,0.025305139,0.01101071,-0.07431301,0.2550938,0.2790465,-0.2305377,0.016889004,0.11275372,0.003027965,0.11100017,0.22397955,0.11112534,0.108597234,-0.2808827,0.10126618,-0.16224083,-0.12139802,-0.16069761,0.007302881,0.042960856,-0.3420443,0.17270681,0.12876491,-0.18676898,-0.14354697,-0.1541203,0.09433936,-0.15839913,0.36647537,0.029516358,-0.2644204,-0.12509878,-0.33894482,0.08215691,-0.10534376,-0.22589865,0.17909129,0.028519938,0.06491736,-0.22923431,0.05765475,-0.055160917,-0.1422542,0.13307492,-0.13674787,-0.05658792,0.14319365,0.2010137,-0.025907418,-0.011673109,0.17347994,0.044927537,0.30828366
-0.051192135,-0.2834157,-0.029232861,-0.08413088,0.046685953,0.22242533,0.15511565,0.017446194,0.10700195,0.14017227,0.12966059,-0.17393938,-0.10056109,-0.013340819,-0.0102985,-0.009047008,-0.17657277,-0.10628479,-0.048405264,-0.028404113,0.11238884,0.06238973,-0.07577737,-0.049820725,-0.17353478,0.14976142,0.12864128,0.058358192,-0.08985458,0.007185346,-0.048713185,0.015230015,0.18463527,0.09930154,0.14163086,0.17697342,-0.11064552,0.16604199,0.026826503,0.06350024,0.09851308,-0.33866024,-0.1707132,-0.16867332,-0.061005753,-0.05414366,0.009845958,0.078364275,0.001089636,-0.08980236,-0.09474842,-0.10704248,0.067559674,-0.024381489,0.037131697,0.01635039,-0.07865523,0.07256479,0.12118027,0.03078263,-0.15059417,0.18930696,-0.016754007,-0.08500593
0.14408097,-0.17068979,-0.19564046,-0.1966942,-0.08433114,0.1673749,0.29577336,-0.14239891,0.020298267,0.056846663,0.078081414,-0.11182614,0.0724324,-0.13981788,-0.041934635,0.050785836,-0.12718116,-0.18643172,0.045055818,-0.07639021,0.1269562,0.070779994,0.19852845,-0.028457535,-0.11672735,-0.053911142,-0.08636541,-0.027853655,0.1337891,-0.006478385,-0.1271547,-0.102659546,0.06574322,0.006347835,-0.049620494,-0.08737411,-0.02420384,0.14011484,0.13746764,0.14229605,-0.11891945,0.062678255,-0.0575819,-0.113020256,0.1484848,0.23277017,-0.06355397,0.021661896,0.04766188,0.021337787,0.030258428,-0.03606946,0.10875426,-0.13967715,0.015949132,-0.13675025,-0.14341228,-0.014720141,0.1627686,0.2263494,-0.07122089,-0.027684525,0.07305525,0.029054811
-0.03568508,0.17968482,-0.033755917,-0.12604226,-0.11510464,-0.16309923,0.07804291,-0.002732528,-0.08650061,-0.07539457,0.028817477,-0.022500912,0.11748764,0.060020052,-0.012950854,0.107584454,-0.038029693,0.03072831,0.06364849,-0.20853955,-0.008641768,0.020855324,0.017109234,-0.043420766,0.06765769,0.07042466,-0.015629228,-0.06268048,0.13855161,-0.092558265,-0.18682161,-0.09868697,-0.13038051,-0.06847818,0.14603987,-0.042565756,0.14034946,-0.024232008,-0.006893953,-0.0194245,-0.062325258,-0.028800793,-0.000615701,-0.10359797,0.11149287,-0.14695157,0.061643526,-0.003677018,0.016021287,-0.015303778,0.03404164,-0.032609764,0.04481617,-0.046732403,-0.048870087,0.06876117,-0.1772126,-0.09597927,0.1008528,0.12617338,-0.11736568,-0.11529495,0.17716375,-0.062292725
-0.20499603,-0.39672345,-0.15493935,-0.14284328,0.17657658,0.041751154,0.19725773,-0.15364267,0.39091408,-0.19654813,0.14469375,0.041581765,0.18380919,0.019967044,0.0988047,0.07052183,-0.061428256,-0.009249163,0.14204659,-0.14836995,-0.25179434,0.13516587,-0.23334038,-0.20395535,0.09930062,-0.069830775,-0.25010258,0.080170974,0.06360365,-0.2816887,-0.40707606,0.17360823,0.1800114,-0.088501856,-0.17111526,0.05533171,-0.30183458,-0.33551335,-0.2683332,-0.119860895,-0.18740728,0.18408759,-0.06493962,0.023244472,-0.12088406,-0.23997334,0.008946545,0.4506921,0.09915712,-0.3400435,0.27032128,0.29459837,0.33748618,-0.071797244,0.10325277,-0.35427755,0.30841926,-0.1773136,-0.043502152,-0.0797255,0.33341843,-0.10000193,0.018557953,-0.011444599
0.18368962,-0.13068737,-0.09910484,-0.044337444,-0.09813157,0.14416407,0.2559276,-0.05488142,0.06365292,0.1637184,0.03183537,-0.15534171,0.12729764,-0.13216206,-0.12814972,0.042526063,0.01574863,-0.2284914,0.06724123,0.028588293,-0.1795832,-0.14664051,0.24961887,-0.052979965,-0.08545345,-0.17979366,-0.25226116,0.03938055,0.15803468,-0.047397286,-0.11607459,-0.14091486,0.25155264,0.031665985,0.003141518,-0.02002834,0.09642442,0.16524537,0.14267565,-0.07811918,-0.13167404,0.11613949,0.11788948,-0.0770833,0.18519272,0.15773258,-0.076668665,0.08469022,-0.19313142,0.261288,0.018805526,0.084626615,-0.112723954,-0.20403525,0.14034256,-0.12532291,-0.22423057,-0.012667642,0.0589414,0.16787666,-0.23066024,-0.05934802,-0.06462856,-0.043383215
-0.003473304,-0.1747381,-0.16526744,0.07968812,-0.14953248,0.082816094,0.112092294,-0.15725623,0.20627677,0.051734548,0.22448237,-0.103563815,0.18483585,0.011265971,0.023570908,-0.014817562,0.011125386,-0.09382363,-0.109993294,0.072896026,-0.16882649,0.029454466,-0.09649828,-0.26874948,0.044124003,0.06824644,-0.092439756,-0.03184892,-0.069582574,0.04515423,0.13708383,-0.00279776,-0.059538666,0.13414285,0.019561946,0.004984796,-0.19332823,0.18237536,0.087294206,0.13164388,0.055539515,-0.096341066,0.23210646,0.1567961,-0.059951503,-0.073716395,0.04143653,0.08177514,-0.12555501,-0.056968335,0.22060953,-0.18544976,-0.23960182,0.12555279,0.062041726,-0.13546722,-0.09478992,-0.054167446,-0.13289402,0.10217932,-0.05361694,0.21158703,-0.1761224,0.016141295
0.08051859,-0.020589529,-0.26306275,-0.10747163,-0.12157676,0.1463095,0.17091113,-0.11559212,0.0763875,0.061365977,0.001294674,-0.12736934,0.10853465,-0.018275581,-0.051054716,0.12187987,-0.12627845,-0.12510763,0.018600956,0.032171745,0.07899827,-0.016716825,0.16304304,-0.10258516,-0.08179659,0.041925542,-0.16094805,0.006051552,0.13867463,-0.021226518,-0.08712932,-0.037940755,-0.031031406,0.019901633,-0.034348667,0.01625569,-0.03992208,0.18198179,0.18742585,0.15823272,-0.09153522,0.051607326,0.105138145,-0.03724561,-0.072350614,0.1137896,-0.056642264,-0.06485297,-0.05061519,0.014281428,0.098945566,-0.09414145,0.054270174,-0.00428542,0.008319142,-0.13279219,-0.17027026,-0.09849866,0.1993995,0.13382484,-0.031710174,0.17364457,0.018763872,0.03439004
0.09410306,-0.076737516,-0.14073452,-0.09687567,0.02660081,-0.038883373,0.029696234,-0.024574216,-0.013950353,0.14717636,-0.07564916,0.03246523,-0.06742296,-0.081747234,0.0866488,0.019931383,0.06816422,-0.041720632,0.018312078,-0.019926049,0.060724426,-0.029385936,-0.076753885,0.017081492,0.016406005,-0.040712282,-0.06836583,0.001950498,0.016113197,-0.05241358,-0.0533303,-0.038347103,-0.19169591,-0.06955325,0.23466887,-0.05015269,-0.001946878,-0.040835124,-0.086370684,-0.032453757,0.062866054,0.13446084,0.034067824,-0.027148418,-0.09898863,-0.02349556,-0.003988387,-0.17383794,0.17076978,-0.090550415,0.18246561,0.09480803,0.05369666,0.040440585,0.07888608,0.005103639,0.00517412,0.108132906,-0.15996757,0.16324155,-0.07204101,-0.02049927,0.115129404,0.013971556
-0.13722518,-0.013830434,0.2576912,0.08241895,-0.12088609,-0.266651,0.08609381,0.055549946,-0.92233247,0.2638288,-0.96348757,0.46659982,-0.32736337,0.076057866,0.43173483,-0.28350595,-0.34702706,0.046061203,0.07158996,-0.13137335,0.38327348,0.13950011,0.13344802,-0.5718768,0.5903327,-0.6055085,-0.09866233,0.058440797,0.46000734,0.13194647,-0.21165036,-0.29036838,-0.48657778,0.52604663,-0.6512451,0.59482366,-0.31726804,-0.22435102,0.38315234,-0.4272032,0.5956302,0.008429766,-0.27593023,0.1463777,-0.22165214,0.22714697,0.27083817,-0.093557075,0.20513009,0.3312594,-0.33741286,-0.14108817,-0.28869537,-0.38162005,0.63562876,0.40477,-0.26195258,0.38469622,-0.23123185,-0.14630593,0.15823618,0.9326729,-0.64119387,-0.673115
-0.020208528,-0.00430584,-0.12409693,-0.11716327,0.000355021,0.07094615,0.032406613,-0.16370064,0.04826274,-0.044062,0.1809966,-0.14318503,0.19226131,0.20969042,0.062032826,0.20249726,0.045186996,0.053282022,0.16206083,0.016849926,-0.24885868,0.004402789,-0.10422969,-0.25854713,-0.006688167,0.22842483,-0.08751028,-0.050518133,-0.043738496,-0.09464871,-0.1551865,0.09811929,-0.016609682,-0.06478556,0.15302043,0.08050493,0.002055922,0.07527074,-0.12586252,0.0610493,-0.06889637,-0.20774075,0.1447515,-0.18584387,0.078723624,-0.083915524,-0.042593107,0.16459225,0.060680915,-0.1358345,0.005836524,-0.35032916,-0.21484783,0.029976206,-0.007338747,-0.13860534,-0.06971102,0.13131078,0.09782247,0.15431908,-0.16964309,0.196576,-0.10770111,-0.011593654
-0.061981656,-0.4559995,-0.19748856,-0.08310067,0.10714614,0.020175533,0.09273073,-0.087888226,0.512321,-0.23239982,0.15686144,0.007772172,0.08582118,0.1244543,0.33343044,-0.12685002,-0.1721542,-0.17350058,0.097284794,-0.10308841,-0.34150726,0.044539034,-0.28347614,-0.28258294,0.09913779,-0.17070718,-0.19248705,0.12753813,-0.002286377,-0.2602936,-0.25719014,-0.096866325,0.21513866,0.09813066,-0.24647099,-0.112459086,-0.36951968,-0.2802142,0.12852812,-0.32139218,-0.35949218,0.087135985,-0.064840995,0.035769127,-0.053099826,0.005914494,-0.077693716,0.38901198,0.21082842,-0.26759142,0.41992444,0.2785095,0.3348641,-0.03776339,0.065991215,-0.18220802,0.33694622,0.03773514,-0.030403433,0.12770778,0.29359564,-0.18617347,-0.06945693,0.02540974
0.69168997,-0.15053117,-0.052615974,-0.52887356,-0.47825372,-0.3847946,-0.24803059,0.059940275,0.6785964,0.31592542,-0.003156797,-0.12548111,0.003271206,0.5701757,-0.18294737,0.4381326,0.36080042,-0.289795,-0.2829553,-0.12288759,0.19859427,-0.3813044,-0.26948148,-0.37220585,-0.052917816,-0.19925277,0.15095878,0.59345424,-0.26851618,-0.10082699,0.043384925,0.14001738,0.13939455,-0.15072328,-0.07391181,-0.6701643,-0.2923241,-0.117012665,-0.428742,-0.21639623,0.0772826,0.028147463,0.05003751,-0.1969523,0.18338926,-0.000874222,0.28558528,0.15025853,0.7340083,-0.24457504,0.06757785,-0.4899776,-0.42483017,0.44057643,0.21734725,-0.22133857,0.03314778,-0.18604842,0.003449379,-0.444711,-0.17677256,-0.28726554,-0.2315844,-0.13538113
-0.048190083,-0.2524377,-0.04974018,0.26332533,-0.13017721,0.23379117,0.007326201,0.14684102,0.08032894,-0.10294907,0.02003586,-0.11287577,0.04835454,0.18078002,0.12273058,-0.15346077,0.15816486,-0.16211076,0.02004875,-0.16698828,-0.18256018,-0.028369263,0.15652609,0.061940182,0.013500346,0.15711766,0.08128911,0.06270789,0.18904147,0.16725029,-0.18082373,-0.14808945,0.19119634,-0.260273,0.042088937,0.06341365,-0.0636972,0.20597021,0.18722564,0.09327542,0.01672377,0.054121926,-0.14906745,-0.15279916,-0.18672483,-0.07773255,0.010925554,0.13447312,0.012125502,-0.1386127,0.08287602,-0.06265292,-0.12644055,0.26593038,0.16218889,-0.059268016,-0.07293643,0.10734781,0.19236301,-0.14439909,-0.1093102,-0.015719974,-0.11645986,0.08807172
-0.11562343,-0.006019003,0.09665341,-0.02182708,0.17110698,0.059348516,-0.18042217,0.13388689,0.10885084,0.057343177,-0.014870524,0.29483426,-0.1742504,0.00657807,-0.22114408,0.096487254,-0.15283446,0.048201866,0.18907106,-0.12362435,0.09403722,0.13629588,0.1665737,0.10313013,-0.15961844,0.021275517,-0.17558655,0.035174396,0.15159093,-0.2981353,-0.264479,-0.18436448,-0.016313368,-0.31865767,0.017477473,-0.007966943,0.03707447,0.19345342,0.22707324,0.09279746,-0.049472243,-0.24807493,-0.12470227,-0.025319371,0.13453083,0.1507878,0.07494513,0.11154601,-0.041312397,-0.06910297,0.029344749,0.029432524,0.28375822,-0.114702165,0.060526486,-0.24125972,0.17539585,-0.20226455,-0.14344534,-0.055390712,-0.076997966,-0.033328943,-0.1666724,0.060975965
0.20514221,-0.52668893,-0.1760869,0.18243586,-0.11876391,0.054556333,-0.25060317,-0.19333361,0.1610142,0.17837027,0.018462218,-0.28671512,0.18262842,-0.23531543,0.14302522,-0.15921494,-0.14397101,0.06714693,-0.17768419,-0.14890803,0.18374582,-0.08012808,0.018379604,0.13384716,-0.08338433,0.06484429,-0.28474978,0.1746555,0.16776177,0.29186845,0.16400087,-0.08419638,0.04772778,0.1372706,0.062370755,0.12004376,-0.12749498,0.15649636,0.018932028,0.27931666,-0.041620154,-0.18079945,0.27371255,-0.09363809,0.21095996,-0.1476181,0.17894018,0.32694316,0.12558448,-0.3206696,0.21686031,-0.19295152,-0.05225243,0.11801153,-0.37559003,-0.053874936,-0.25805202,-0.121061005,0.21695584,-0.021906244,-0.03460771,-0.06227664,0.10422863,-0.03429512
0.02935186,-0.26296854,0.28551358,-0.10431961,0.19207534,0.22978032,-0.15224966,0.12509212,0.35920846,0.14777233,-0.20838273,0.29317877,-0.122258775,-0.13289669,-0.01602829,0.24793819,-0.16664779,-0.38167417,0.046913616,-0.04965823,0.29789817,0.059738368,0.058357384,-0.24164757,0.24056906,-0.016662888,0.16734023,-0.06413264,-0.09410104,0.19328092,-0.23550692,-0.20814268,-0.1376135,0.35692936,-0.15597758,-0.2082598,0.33126208,0.12957433,0.17711693,-0.06722851,0.15177624,0.075804606,-0.21885796,0.02293045,-0.34885624,-0.004441256,0.062231645,0.09695644,0.20587544,-0.10330064,0.04674342,0.009438688,-0.032703158,-0.18170635,-0.08447859,-0.112923406,-0.17385073,-0.042806216,0.099672824,0.056679156,0.13254604,-0.11932717,-0.044012934,-0.09205617
0.20935322,0.21121974,0.050861172,-0.2761726,-0.052208275,0.06993097,-0.001698265,0.13493565,-0.018028457,-0.2568188,-0.18858773,0.000291829,0.07042229,-0.05404736,-0.31148407,0.16505884,-0.18349919,-0.12132853,0.2905686,-0.017499842,0.02383676,0.21896395,-0.2254042,-0.17988952,0.18590973,-0.0664752,-0.01863364,0.2659855,-0.20708574,0.13533995,0.06650576,0.18133958,-0.004110009,-0.30964637,0.08002847,-0.043281537,0.07056473,-0.10890835,0.12861387,-0.23135717,-0.021899177,0.3050803,0.03345914,-0.04374389,-0.09416008,0.071691595,0.12531568,-0.19955814,-0.0289151,0.064526856,0.2425748,-0.098102726,0.18251541,-0.065337695,0.30273977,-0.03605903,0.008606583,0.34058347,-0.060037617,-0.048661612,0.07595989,0.07461566,0.23878242,0.116297975
0.2283943,-0.0387343,-0.11768793,-0.013021613,-0.024227481,-0.07443354,0.1876901,0.035387043,-0.116933905,-0.06676543,0.019040467,0.046395667,0.20616178,-0.22634232,-0.14835744,0.03445957,-0.01965086,-0.013936011,-0.14732249,0.16202357,0.009861791,-0.0989892,-0.05212475,-0.21748227,0.1595147,0.011106691,0.063998334,0.013218512,0.19364998,-0.07946955,-0.30223468,0.10371542,-0.05099214,-0.12164333,0.18475589,0.10016136,-0.069024965,0.022970181,0.17018296,0.059121687,0.028070008,-0.014903982,-0.052397355,-0.012359485,-0.06336591,-0.09059532,0.042693775,-0.14276008,0.030667007,0.21011552,-0.08216595,-0.07270587,0.01260632,0.1678431,-0.05199609,-0.11176619,0.046993848,0.19365856,-0.050297067,-0.121101275,-0.0160347,0.05734275,0.065486655,-0.007716958
0.0278988,-0.007680297,-0.022679072,0.004996498,-0.019271629,-0.1842378,0.12315331,-0.09775275,0.01681274,0.108445816,-0.052337773,0.06777383,0.03917097,0.043660793,-0.011343721,0.19915825,0.027182285,0.043491323,0.13616242,0.016384238,0.035411663,0.07189659,0.089270905,-0.1964147,0.03759297,0.10988633,-0.19231583,-0.25424004,0.21091773,0.047669765,-0.30377725,-0.10861513,-0.02727302,-0.04766303,0.210592,-0.02575993,0.16821781,0.24623685,-0.034734227,-0.033002045,0.11534551,-0.005056914,-0.059092563,-0.11122403,0.042902634,-0.10915781,-0.055764277,-0.04125434,0.26769114,-0.118410066,0.047570795,-0.22921838,0.13903862,0.098881066,-0.09560878,0.2170569,-0.2558743,0.048674107,0.24448515,0.17210735,-0.142598,-0.21590157,0.05509632,0.07880531
-0.117423534,-0.08843375,0.08936334,0.12100308,-0.049354177,-0.088848114,0.006433727,-0.032234654,0.00051177,0.15909521,0.13925414,-0.09756639,0.112189956,-0.11748322,0.1922197,0.11255154,-0.068539165,0.011910716,0.020123197,0.04376951,-0.111248784,-0.097252846,-0.13240741,-0.14442812,-0.16320485,-0.0688622,-0.051316105,-0.07766667,-0.13700892,-0.18164986,0.041246053,-0.10759259,-0.017160231,0.06948316,0.24523608,-0.07663696,0.015502616,0.13469678,0.021283709,0.06133925,0.25760964,-0.1427498,0.26376367,0.03855303,-0.007868337,-0.017483499,-0.018531555,0.050723005,-0.06919618,-0.17522955,0.14653295,-0.119844995,0.07561162,0.025594955,-0.06516206,0.014436506,0.05879758,0.09879381,-0.061632194,0.104906246,-0.100071706,0.16668177,-0.096583396,-0.052390292
0.40137383,-0.31147784,-0.013162161,-0.34808284,-0.22525983,-0.1702422,-0.11029877,0.037327714,0.3334529,0.21426031,0.01489431,-0.14130947,0.17714566,0.05899819,-0.034845434,0.1889885,0.10397968,-0.18122612,-0.1626364,-0.12063754,-0.13249652,0.03770139,-0.3108367,-0.32574067,0.06918843,-0.13921331,-0.105270855,0.34296757,-0.070739366,-0.01526965,-0.15019791,0.28015107,-0.006771335,0.0824879,-0.053064175,-0.39078626,-0.12968287,0.013530188,-0.15849671,-0.000221547,0.24835776,-0.0735072,0.10939312,-0.100712046,0.10950151,-0.0673843,0.056182675,0.22794704,0.3051006,-0.32681957,-0.13325952,-0.28904286,-0.37428263,0.3427816,0.06751494,-0.21717964,-0.211599,-0.049786173,0.15680924,-0.03791465,-0.16673107,-0.1526374,-0.20344293,-0.048972134
0.11515141,-0.14638801,-0.059057903,-0.13470171,-0.15261121,0.15187266,0.12718217,0.031061644,0.103886575,-0.063001215,-0.090044916,0.09725547,-0.022401668,-0.22689494,-0.10778181,-0.006117923,0.03005594,-0.07639426,-0.06710048,-0.07013794,-0.0560518,0.21330392,0.08426966,-0.14914653,-0.029189935,0.013255295,-0.09691483,0.023916848,0.1792104,0.115652844,-0.07124943,-0.099111184,0.033348396,0.1059663,0.0396325,-0.08573097,0.035067327,0.089612484,0.08073059,0.16897053,-0.019474614,-0.027251061,0.20424098,-0.043670837,0.024625681,0.08108803,-0.08550806,0.062856525,-0.08886285,-0.018684717,0.12246903,-0.055421814,-0.09709872,0.013816273,-0.04361637,0.011999327,-0.17482425,0.101525344,0.13060397,0.062536076,-0.069782026,0.13216881,-0.004220262,0.11620687
0.037224077,0.058133364,0.16253816,0.03982764,-0.1870903,0.004875667,0.07414769,0.011800323,-0.017803706,-0.005790724,0.0751984,-0.07679174,-0.118677214,-0.16161476,-0.051964287,0.06914787,-0.071703225,0.15870222,-0.024396257,-0.001175849,-0.060600895,0.08444661,-0.10812401,-0.2168019,0.11822636,-0.14390689,-0.3151143,0.14125046,0.14832251,0.11147944,-0.1387786,0.023744034,0.04386176,-0.0465468,0.044556946,-0.1414524,0.113806166,0.064935826,-0.068167746,0.03943052,0.17168276,-0.06587252,-0.08731157,-0.10137052,-0.020423431,0.053362664,0.04519917,-0.08810388,-0.039317116,-0.13528043,0.22608565,-0.13089715,0.22939354,0.068019986,0.10850755,0.06102612,-0.07531559,0.02175842,0.08457071,-0.04255002,-0.019137999,-0.009700563,0.21189994,0.11184697
0.011690655,-0.031258084,0.0430592,0.13538562,-0.0656189,-0.062590964,0.07987031,-0.050125223,0.100045495,0.056922123,-0.06729518,-0.060129356,-0.13325965,0.044918876,0.097547024,-0.032850254,-0.14201446,-0.016751155,0.19279793,0.08128473,0.012750677,0.07594864,0.11825569,-0.07129653,-0.19634897,-0.09471694,0.1333644,-0.13157564,0.2504118,0.23584446,-0.08514352,-0.14243358,-0.08953943,0.09383322,-0.10851344,0.08454994,0.06387886,0.15529323,0.10625508,-0.019336868,-0.006677761,-0.0693461,0.12185102,-0.02115524,0.13801135,-0.19442864,-0.015855314,-0.030876368,-0.0418581,-0.006719386,0.16553128,-0.18504965,0.14031841,0.054932736,-0.058759592,-0.13846704,-0.043890838,0.005504424,-0.096908666,0.06757123,-0.021077164,-0.06447405,-0.060676865,0.20824206
0.069890834,0.08888081,0.22163254,0.003661993,-0.24914174,0.023593402,0.056631207,0.20662683,-0.033511624,-0.11794174,-0.29002422,-0.19230893,0.095893994,0.05325293,-0.26005325,-0.060125194,0.022778008,0.026906488,0.17947172,0.02138276,-0.09997909,0.21568048,-0.1341523,-0.15328611,0.11680397,-0.24778555,-0.01904755,0.19193476,-0.06563018,0.18091911,0.26872396,0.15403967,0.2584126,-0.122672856,0.15491149,-0.2983665,0.1259405,0.23036127,0.0062196,-0.15333407,0.085885525,-0.07144897,0.05191505,-0.08523368,-0.12915522,0.10532956,-0.035699826,-0.065834254,0.20878622,0.20389035,0.02591785,0.004223282,0.07314203,0.055901956,-0.006049072,0.31325302,-0.16123326,0.054876413,-0.07984911,0.24800311,-0.04036636,0.015830025,0.19479953,-0.16048248
-0.65228784,-0.5154236,0.053005747,0.54298764,-0.41004732,0.65513206,-0.7840698,0.8180675,-0.42211094,-0.6557763,0.25271907,-0.6074359,0.063459605,0.22201699,0.46953124,0.15885088,0.18229836,-0.020826587,0.150154,-0.54376954,0.19507883,0.08323877,0.8406747,-0.2912996,-0.3977776,0.5445306,-0.18125036,0.60409474,0.7486317,0.35218334,-0.7977587,-0.21397507,0.73411286,-0.36826608,-0.4320759,0.5491544,0.024218068,0.33944583,0.32768476,-0.014113877,0.1105613,0.45169714,0.59939563,-0.6863664,-0.089646265,-0.103655644,0.23954172,0.15219723,0.61154103,-0.6830889,0.4672158,0.060836423,-0.3596707,-0.037760213,0.5720167,-0.060198978,0.027845215,0.3048478,-0.23159704,0.146854,0.5241712,-0.41010314,0.007938651,0.9337569
0.06812648,-0.11157851,0.007990724,0.00956227,0.07010429,-0.028536025,0.103902675,0.063620746,0.14002767,-0.17154239,-0.06250265,-0.038954895,-0.030772172,-0.17012373,-0.007189872,-0.023720011,0.093571246,-0.12471776,-0.080084555,-0.061160654,-0.27049184,0.120295525,0.09451363,-0.17193253,0.079320095,0.29144424,-0.14689352,0.02449688,0.19926816,0.1711604,-0.018412763,-0.1565387,-0.05758545,0.028197983,0.25298944,0.07722344,-0.08543364,0.075812824,0.15880996,0.15189555,0.04784522,-0.05131895,-0.06510601,-0.03650887,-0.031322185,-0.20022227,-0.067872666,0.27672532,0.027174592,-0.2662473,0.041288994,-0.35263002,-0.16357212,0.18131307,0.08588688,0.1343332,-0.27884862,0.12149361,0.28488225,0.043137766,-0.19768481,0.04579316,-0.06792699,-0.00785663
0.1853563,-0.11282712,-0.14204387,-0.054262962,-0.08259688,0.11411911,0.13524157,-0.015564194,0.17957613,-0.056318864,-0.10087094,-0.044123083,0.083283596,-0.16934009,-0.06199073,-6.27E-05,0.16390537,-0.0874631,-0.11606984,-0.029420853,-0.11386571,0.27582648,-0.03371542,-0.07526989,0.056966633,0.09456685,-0.2512605,0.06878509,0.28875422,0.16047403,-0.08595827,-0.07090759,0.01860727,0.22498928,0.0735104,-0.14869906,-0.043089658,0.17889658,0.14662659,0.29643556,-0.016487788,-0.014497179,0.16800123,-0.10560062,0.035181433,0.13721605,0.022022627,0.20018932,0.004473149,-0.26696748,0.2512305,-0.14901087,-0.21593617,0.16840416,-0.056143075,-0.084824644,-0.23832989,-0.007591481,0.05626359,0.18426378,-0.027509391,0.23920496,-0.09465591,0.106944144
0.11117723,-0.02536426,0.2768679,0.30397844,0.07026313,0.37305266,-0.39999482,0.16530862,0.33916095,0.12312834,-0.22452088,0.21725333,-0.04519006,-0.12783088,-0.04410655,0.372391,0.17426756,-0.33578804,-0.12728624,-0.16797118,0.0798527,0.013959517,-0.032172456,-0.17372648,0.18408188,0.012312249,0.27320373,0.057930447,-0.14126594,0.24047625,-0.11352788,0.039454065,-0.14528243,0.4194942,0.13913713,-0.22090064,0.09740065,-0.06331282,0.02517447,-0.13462247,0.20690916,-0.15608962,-0.059411086,0.30406132,-0.022733726,-0.041118905,-0.011038084,-0.019523881,0.3663006,-0.05357893,-0.006656331,0.16811922,-0.14391439,0.10916051,0.2596983,-0.27231798,-0.12973256,0.23611283,0.10438022,-0.007567524,0.10279725,-0.21489327,-0.14750418,-0.29840142
-0.022903081,-0.07876424,0.25248507,0.104481004,-0.11641309,-0.014882254,0.09901457,-0.02381974,0.07146621,0.002820941,-0.04091555,0.012304409,-0.20258069,0.04135312,0.049972087,0.014416752,-0.008212803,0.22345607,0.08767028,-0.030870445,0.031796314,-0.08634959,-0.21825407,-0.093941286,-0.10082089,-0.21963167,-0.42521635,0.05624313,-0.00250535,0.104674496,-0.11241491,-0.05301798,-0.048008557,-0.07881688,0.20504704,-0.016212586,-0.09009001,-0.09691998,-0.25732663,-0.12899183,0.2439791,-0.055681348,-0.24859065,-0.03313646,-0.1673971,-0.18585338,0.00381739,-0.21825834,-0.00864229,0.067387976,0.06233214,0.005069287,-0.018405756,0.017915769,-0.13008682,0.106000945,-0.007198894,-0.016614985,-0.003904888,-0.096917324,-0.1322077,-0.25155532,0.23940226,0.052580975
-0.1550301,-0.3981544,0.023638373,-0.016894227,0.17851812,0.36917523,0.21263877,-0.60533506,0.03721042,-0.22097144,-0.029847354,0.14115366,0.1389166,-0.16770774,-0.19061524,0.2654577,0.09988122,-0.1561832,-0.014637364,0.17909165,0.07272654,0.1839934,-0.12770027,-0.2483936,-0.38014317,0.385925,0.03221825,0.25497136,0.11027117,-0.068301335,-0.36604294,0.16508567,0.22491413,-0.16915949,-0.11401772,-0.18026106,0.03392354,-0.20723088,-0.25987655,-0.11075565,0.08971265,0.122635975,-0.011222901,-0.23614901,-0.4233016,-0.21701893,0.17362997,0.33576247,-0.12991683,-0.2423318,-0.123896606,0.14261837,0.30321926,-0.088155165,-0.117909245,-0.41506582,0.4274431,-0.42101368,0.14256151,-0.07387926,0.33734715,0.11678707,0.13029408,-0.003111272
0.14327042,-0.13087514,-0.034871265,-0.10156058,-0.15708478,0.13915043,0.14547807,-0.031560212,-0.010819117,0.08702591,-0.020718155,0.024701323,-0.09557721,-0.03660812,-0.010462537,-0.033272978,-0.07945823,-0.05770158,-0.09111687,-0.044213675,-0.035486214,-0.016543968,-0.002147916,-0.026550198,0.086298704,-0.03559851,-0.101432785,0.17162019,0.14848381,0.08471021,-0.13670042,-0.04191488,0.19199328,0.112001285,0.08674546,-0.1239991,0.025422268,-0.018228354,0.1610349,0.21325976,-0.12155053,-0.0853585,0.10080375,-0.104586914,-0.14645201,0.10554215,-0.018493272,-0.095473945,-0.042496204,-0.089679144,0.114370875,-0.015432274,-0.004752459,0.1266215,0.029373392,0.002740441,-0.07311379,0.08298058,0.1291087,0.0018107,-0.026698653,0.10453594,-0.035035215,0.171008
0.035435755,-0.22099356,-0.15485607,-0.059810244,0.023234472,0.21322809,0.2234996,-0.13063036,0.12565003,-0.062115066,0.10867031,-0.08750795,0.14061007,-0.13653211,-0.00321508,0.05743113,0.02582674,-0.104954116,-0.03216725,0.016028013,-0.061064806,0.11690551,-0.033886615,-0.0871068,0.099093266,0.12637661,0.006834105,0.16562995,0.16030608,0.08295613,-0.06550455,-0.08692955,-0.037900478,0.008823071,0.08216143,0.033894274,-0.11322323,0.17031245,0.16071711,0.17783007,0.069669284,-0.13232902,0.16864489,-0.04147998,-0.08462298,-0.08394075,-0.033251442,-0.014575001,-0.10496417,-0.0997855,0.01037983,-0.21853772,-0.06556415,0.17491052,0.030591916,-0.032304727,-0.19495933,-0.08423293,0.1733696,-0.015431284,-0.072933115,0.13008383,-0.121546544,0.048805628
0.23995687,-0.16492932,0.13007441,0.3221154,-0.17711443,0.33472797,0.44841155,-0.12090171,0.37176758,-0.048289515,0.38923568,-0.054787032,-0.002752889,-0.096505165,-0.005921422,0.35709518,-0.4406309,0.054230485,-0.21331953,-0.38922873,0.40337262,-0.057836425,0.2125469,0.003438768,-0.1215368,0.4380125,0.17635058,-0.09357736,-0.089412674,-0.281494,-0.27987635,-0.24285048,0.42775494,0.66742384,0.35300884,-0.003319603,-0.33383372,0.4589924,-0.18844804,0.5420676,0.17736697,-0.05850501,-0.26576385,-0.28890017,-0.40808266,-0.19274357,-0.19730115,0.17445932,0.37402257,0.03624743,0.10644756,-0.1634017,-0.10628988,-0.09124284,0.16055726,-0.25134376,0.2563998,0.19971983,-0.11300372,0.09182463,-0.15155464,0.63023067,-0.25627527,0.23030683
0.10765993,-0.19520053,-0.010474484,-0.11554889,0.16591406,-0.035068654,0.035431698,0.04133299,-0.14048223,0.1097351,0.06693465,-0.004282448,-0.08159844,0.04232949,0.015592467,-0.004817968,0.03330683,0.092430934,0.00526408,-0.14480606,-0.017101996,0.13241759,-0.03074782,0.006532313,0.20734262,0.022202725,-0.026623446,-0.042232998,-0.052871514,0.11405433,0.16009177,-0.07950203,0.003952655,-0.09413356,0.05516584,-0.04374715,-0.031772204,0.11842326,-0.029534895,-0.102996424,-0.000652152,0.12767242,0.011352402,-0.18830767,-0.13307491,0.07233321,0.07577532,-0.13351527,-0.09012453,-0.04550503,0.08946649,-0.044169884,-0.014859206,-0.081178896,0.050749205,-0.016541412,0.10026405,0.0792101,-0.14041156,0.025971388,0.005496797,-0.071888074,-0.006870765,-0.008466474
-0.11377426,-0.3176472,0.19583169,0.05704491,0.41932532,-0.3646404,-0.10813797,0.059590712,-0.33721563,0.13962218,0.06789906,0.043267053,-0.28348798,-0.0016443,-0.058873396,0.030861076,-0.007377128,-0.05413189,-0.03780369,-0.06447374,-0.3133542,0.14739977,-0.06802496,0.23131481,-0.015161928,-0.01448851,-0.1528465,-0.034326334,0.067449056,0.0749862,0.08594012,-0.2903432,0.12534453,-0.07937369,0.22614571,0.13075145,0.42664614,0.24245512,-0.090825826,0.015748106,-0.22775379,0.23754998,-0.20320004,-0.062495716,0.013331389,0.06923348,0.07711596,-0.13016722,0.22874103,-0.27730712,0.20080636,-0.27009758,0.1561751,0.07398017,0.44120523,0.022958446,-0.21009545,0.40828496,0.004078711,-0.17446989,0.19811316,-0.17820802,-0.009430002,-0.09327653
-0.19253264,0.002317362,0.080346145,0.06735018,0.04528693,-0.32123655,0.044899736,-0.003530541,0.08741491,0.1239518,0.03254383,0.13784376,0.10491382,0.11120419,0.012653213,-0.0750684,0.15971658,-0.1344859,0.15023245,-0.21354397,0.009484642,0.16121213,0.2156988,-0.068314984,0.006447191,0.060803138,-0.015723543,-0.05427634,-0.019181604,-0.04499656,-0.08124045,-0.17996947,-0.10258015,0.22262922,0.037016094,0.16596317,0.20120752,0.082902774,0.015639167,-0.13536987,-0.06387453,0.017896395,0.03794477,-0.18059687,0.040436015,-0.14534292,-0.030900499,0.024195572,0.19805256,-0.004851712,0.20476168,-0.18381207,0.11250244,-0.060943484,0.10111323,0.13284466,-0.122805156,-0.08079523,0.15927702,0.03413317,0.060519975,0.09916976,0.18093976,0.1043026
0.02189512,0.08157314,-0.006864884,-0.025571272,0.12068295,0.07616807,0.2633352,-0.16145706,0.23716044,0.116830766,0.012635957,-0.09605765,-0.12764683,0.000225124,0.18647207,-0.15230115,-0.27422133,0.11782385,-0.2154781,0.09336063,0.30407172,-0.29536968,0.23222654,0.045945305,-0.20268627,-0.013897195,0.06048798,0.25383383,0.011028544,-0.12401814,-0.19033036,0.03387506,0.27168712,0.25568655,0.15444045,0.21870646,-0.22412373,0.31166336,-0.059438564,-0.16696405,-0.09736539,-0.029264823,-0.09961355,-0.07044256,-0.22479996,-0.09581672,0.019226156,0.081272654,0.3512735,0.20794946,0.009603481,0.35525382,-0.010937005,-0.3470283,0.17435198,0.087854944,0.055223495,-0.02544015,0.045842543,-0.09240187,-0.03797851,0.19335864,-0.13779236,0.18786743
-0.21322325,-0.062216192,-0.09368645,-0.035248343,0.021965168,-0.27682868,0.09687632,0.01692497,-0.111948244,0.18649998,0.045427818,-0.15071337,-0.064851806,0.14038767,-0.003097059,0.2270712,-0.014019439,-0.047522217,0.2466401,-0.3016194,-0.1100719,0.19014269,0.21360973,-0.19827831,0.039569058,0.003844245,0.026162539,-0.16928303,0.12599814,-0.20825985,-0.18967296,-0.16611898,-0.05988163,-0.15822396,0.29551315,0.09593541,0.23481904,0.07618376,0.039983496,-0.12391533,-0.09369819,0.08831632,-0.16607101,-0.18698148,-0.030209016,-0.006839046,0.2582566,-0.2200061,0.20687066,-0.28405926,0.087724455,-0.005330545,0.11486276,-0.061283477,-0.004972515,0.18722574,-0.0995951,0.24017932,0.09498728,-0.038646612,-0.002934882,0.019435711,0.20140046,0.04831823
0.9976022,-0.5089321,0.07018767,-0.029097471,0.17265742,-0.42343488,-0.53167266,-0.10532995,0.33625624,0.22166623,-0.41793713,-0.3623661,-0.03488147,-0.6943669,-0.063195564,-0.41656053,0.23509881,0.8960423,-0.056234427,-0.869316,0.71867853,-0.5428813,0.35347822,0.3669666,0.13369283,0.57962275,-0.2786505,-0.035311684,0.03738077,0.63251007,0.047405697,-0.34108204,-0.08674364,0.54114276,0.32594368,0.015956797,-0.30910596,0.1366449,0.17777099,0.56575716,-0.5260214,-0.46732822,-0.09452513,0.8222534,0.36037436,-0.14026268,-0.0978403,0.50062555,0.5939115,-0.19951956,0.3235663,0.225153,0.13645174,0.04342201,-0.46014458,0.40600255,-0.12753089,0.6406146,-0.735938,0.6484774,0.75371325,0.2711884,0.34328988,-0.11217857
-0.13931121,0.013829471,0.18188933,0.028841322,0.040644236,-0.3818408,0.13935749,-0.08510226,-0.14092574,0.220669,-0.008099324,0.21726745,-0.08710373,-0.168297,0.10310775,0.42577207,-0.060260396,-0.26910472,0.11767038,-0.030126372,-0.12705362,-0.07526526,0.18837178,0.07144499,0.011075015,0.019387456,-0.16599114,0.13009341,-0.008867849,-0.25821486,-0.031685133,-0.1505766,0.21548158,-0.13142413,0.114365004,0.03547158,0.25158584,-0.04680225,0.15098026,-0.020488152,-0.049912605,0.026320629,0.10692196,-0.31301424,-0.1563966,0.13420612,0.36666217,0.073414035,-0.009890514,-0.38119507,0.28169703,-0.027083155,0.13777365,-0.1373165,0.064590424,0.090495944,-0.24647202,0.2547754,0.34752485,-0.01836231,0.108704545,-0.19812964,0.16922134,-0.13657477
-0.61478966,-0.6217707,0.28036404,0.14657533,-0.32481998,1.001227,-0.71950465,0.73960954,-0.07272041,-0.5638662,-0.07345793,-0.31328043,0.13367133,0.19857252,0.29396784,0.25975797,0.23281577,-0.20338243,0.29838413,-0.56794477,0.087627366,0.019196467,0.81279725,-0.356863,-0.2247054,0.4402334,-0.15767732,0.42879272,0.6068106,0.21584924,-0.8952928,-0.26467046,0.53136384,-0.097789705,-0.51124036,0.47618145,0.15069397,0.2760999,0.15530053,-0.21114628,0.3142846,0.61468637,0.4091414,-0.6460809,-0.30946803,-0.21974343,0.17872,-0.04413823,0.5581147,-0.6139729,0.43783787,-0.05487816,-0.06577612,-0.096571736,0.33311802,-0.28853253,-0.10162456,0.33317506,0.055545326,0.008407746,0.44300938,-0.12018989,0.17367789,0.7653121
-0.07120738,-0.216169,-0.122323856,-0.08122211,0.15872101,-0.18720277,0.013794729,-0.018967254,-0.0661341,0.0809292,0.10055816,0.11877848,-0.08403299,-0.010551875,-0.038549878,0.012101974,0.15134743,0.10018943,0.17201059,-0.07523419,-0.11165545,0.069918655,-0.13013771,0.10340298,-0.014467129,0.12507664,-0.05588298,0.14867589,0.17640033,-0.13166055,-0.08078797,-0.121929884,-0.08155874,0.06251205,0.09730871,-0.15599911,0.010426551,-0.031145846,-0.17130369,-0.14767812,0.001499703,0.072411075,-0.003314231,0.016236916,-0.10993025,-0.12165804,0.115376584,-0.20950127,0.16004226,0.13572937,0.26755148,-0.12797481,0.103072755,0.030022547,0.007428077,0.12946181,-0.13636081,0.07745293,0.002154596,0.15262035,0.06331377,0.0115455,-0.010102926,-0.025566902
0.016484138,-0.18104866,-0.09605738,-0.06880805,-0.18566035,-0.09653943,0.04060977,0.047621932,0.18364753,0.04961444,0.02153529,0.002113853,-0.1682174,0.14786553,-0.18720794,-0.003012033,-0.23065671,-0.15495221,-0.14366041,0.03994186,-0.032821182,0.03670883,0.09118491,-0.07286284,-0.09493451,0.1862827,0.061649147,-0.060666524,0.061364207,0.09509555,-0.072367586,-0.07512614,0.09441077,-0.080507636,0.024245337,0.099747844,-0.038029015,0.20120324,-0.066265225,0.19981077,-0.10885802,-0.09796641,-0.004914972,0.1258431,0.009589702,0.034192123,-0.044811107,0.09447388,0.09437895,0.05633613,0.01495168,0.16240677,-0.10062213,-0.028476914,0.19065443,-0.05236048,0.102474205,-0.006435101,-0.08950171,0.15424386,-0.14071806,0.22069024,0.03363081,0.024413053
0.1545276,-0.13405852,-0.16693193,-0.17116836,-0.13510789,0.116696306,0.15830822,-0.02809771,0.0283161,0.14374453,-0.10367457,-0.093001634,-0.06980233,-0.124359034,-0.021168778,0.014822555,-0.014253612,-0.06349329,-0.00292054,0.056969665,0.029610869,0.06873105,0.07839191,-0.047729585,-0.027748477,0.03296808,-0.18067867,0.024923954,0.18556124,0.04774004,-0.11225682,-0.025139214,0.09590367,0.12172733,0.03584103,-0.13694155,0.028143374,0.12816483,0.13389015,0.24251251,-0.06797754,-0.030416325,0.07105097,-0.061986454,0.048471812,0.18354084,-0.004558724,-0.03847038,-0.10503714,-0.035326198,0.11064518,-0.04891082,0.10467,-0.007410458,0.01606717,-0.012012917,-0.16461346,0.009389699,0.15806532,0.15728107,0.00165069,-0.019713694,-0.058820896,0.08565498
0.14273047,-0.119080506,-0.11909341,-0.066728644,0.07651341,-0.32451358,-0.008110257,-0.142844,0.05339535,-0.05328916,-0.059064813,0.16708721,-0.11386479,-0.087904125,0.21325141,0.063346095,0.008088077,0.001689393,6.79E-05,0.15264073,-0.20272732,0.1497397,-0.14379957,-0.09452109,-0.03783639,0.050374,-0.24170992,0.06462043,0.11744191,-0.02886212,-0.14018145,-0.21059552,-0.05492606,0.061420057,0.19236521,-0.07467987,0.119328454,0.2403691,-0.0877405,0.006839408,0.13491923,-0.080376856,0.15617573,-0.061581094,-0.03336533,-0.24308911,0.20153205,-0.048051506,0.18235242,-0.18170358,0.07629561,-0.036854684,0.01186691,0.020686438,0.11073993,0.117255785,-0.34722406,0.20745628,0.17762618,0.05767785,0.07000557,-0.02793654,0.17033122,0.075219736
0.18860231,-0.1078036,0.017030276,-0.01542787,-0.15206853,0.11068316,0.18725736,-0.072749145,0.09705206,0.014306635,-0.1323398,0.11317653,-0.017603755,-0.039041568,-0.04109451,0.10075264,0.043773588,-0.04724385,-0.05458399,-0.029088026,-0.0790003,0.15377247,-0.03328554,-0.11057556,0.018342622,0.09162944,-0.25704268,-0.03445875,0.20303336,0.08858791,-0.092912585,-0.025345892,0.057183154,0.13058764,-0.0157581,-0.057263922,0.013172955,0.052994993,0.032272838,0.24453223,-0.07983966,0.040312186,0.16898333,-0.04340765,-0.048497338,-0.05495779,0.007795303,-0.0829502,-0.11833823,-0.071245186,0.08522251,-0.111939676,-0.09447361,0.04655002,-0.023289166,-0.10894136,-0.07485249,-0.059312724,0.1763229,0.014420589,-0.057441715,0.19387656,-0.13107467,-0.027360504
-0.100809604,-0.4490943,0.19828011,0.080273375,0.5743787,-0.3478466,0.09816666,0.0861125,-0.112671934,-0.00944919,-0.11671224,-0.11523236,-0.25935525,-0.14396523,0.034232594,0.47627583,0.43953118,0.20469356,0.38249224,-0.40481034,-0.5507161,0.13160719,-0.33416513,-0.25454372,-0.053465612,0.16651145,-0.5796713,0.2530696,0.40013784,-0.14732121,-0.25573868,-0.12504247,-0.28401345,0.15008412,-0.008648483,-0.3061698,0.464701,0.4568649,-0.53376126,-0.46084106,-0.2250678,0.27953544,-0.24037433,-0.050804734,-0.13332213,-0.43041623,0.004698379,-0.26762447,0.3907404,0.117810294,0.53679025,-0.45313182,0.4291459,-0.06124456,0.1314659,0.6985075,-0.25202745,0.04037257,-0.08105279,0.53639036,-0.01855063,-0.038240246,-0.07485399,-0.02644737
-0.011314971,0.039775223,-0.1191385,-0.09544523,0.10517917,0.29466605,0.070241086,0.016936066,-0.04265953,-0.12305659,-0.10521297,-0.10987444,-0.015102752,-0.12607189,-0.056079067,0.19105396,-0.06627138,0.060042966,0.09995129,-0.13753536,-0.2676063,0.16378842,-0.30033898,-0.25527096,-0.007028861,-0.16158657,-0.37902585,0.20688626,-0.07868192,0.2889576,0.22902887,-0.09751103,0.17966266,-0.2343804,-0.03996782,-0.08365996,0.002299925,0.11007494,-0.08861643,-0.1632777,0.13555336,0.10863111,-0.121469766,-0.03164366,-0.07417649,-0.12828939,0.21499458,-0.015253926,0.053178158,-0.038043432,0.15144765,0.11703971,0.34860876,0.10191342,0.13437454,0.12467487,-0.10856223,0.16977857,0.11073434,0.18995558,0.13327108,-0.14347552,0.20697337,-0.038226727
0.02311224,-0.09903059,-0.10743988,-0.01841432,0.068247974,0.032425955,0.059044193,0.04163657,0.019187707,0.06973577,0.06620225,0.00730914,0.023165189,-0.069783665,-0.049137253,-0.10340758,0.001601898,-0.046654284,0.009803227,0.1305193,-0.08661102,-0.03774657,-0.061407976,-0.031283416,0.06108448,-0.08178982,-0.016060315,0.015074945,-0.040733784,-0.029449204,-0.13357684,-0.04537336,0.1397713,0.045084696,0.091258414,0.09624711,0.002619563,0.072138146,0.010132162,0.009566745,0.028572585,-0.12417985,-0.026858067,-0.013843344,0.019874157,0.015165921,0.031674076,-0.09587665,0.09752299,-0.02739144,-0.045927946,-0.083134614,-0.01987889,0.059942037,-0.060881414,-0.021799117,-0.07984981,0.042566817,0.098414436,-0.1115971,-0.025090171,0.06914758,0.045086764,0.09288943
-0.23246363,-0.4213762,-0.18144742,-0.33052796,0.47055006,-0.36455518,0.25512156,-0.026604258,-0.010991639,0.18463075,0.18959662,0.14401457,-0.39362836,-0.12056369,0.054076947,0.48518088,0.27565783,-0.20493685,0.31407085,-0.62644273,-0.12411839,0.4328646,-0.055308208,-0.14481644,0.21961474,0.03583035,-0.2790016,0.13524656,0.35705242,-0.009879384,0.23590732,-0.46737686,-0.35182065,-0.31567234,0.65791994,0.03769832,0.32128575,0.25199905,-0.4291354,-0.426202,-0.16795255,0.34007198,-0.16133441,0.012720722,-0.25424513,-0.20694728,0.21621919,-0.6075768,0.29989108,-0.37656826,0.38087842,-0.15406287,0.31996453,-0.060260404,0.083725736,0.445699,-0.0857507,0.48494416,-0.10438622,0.35912114,0.04613114,-0.24376631,0.07655566,-3.45E-06
0.32010064,-0.09238754,-0.00993741,-0.14921233,-0.054413065,0.001092613,0.09732471,0.049059313,0.16904238,-0.054577895,-0.16457348,0.09967257,-0.018791266,-0.071566015,-0.007209946,0.1817695,0.14412344,-0.012007793,-0.022955637,0.116114065,-0.14807865,0.5218737,-0.18569621,-0.2347829,0.07765572,0.30765447,-0.4903716,-0.03393006,0.3270458,0.11735521,-0.26414683,0.09203902,-0.09761723,0.26385576,0.16866659,-0.09166722,0.043423112,0.07248565,0.24161664,0.30218956,0.2616822,-0.18270476,0.25711387,-0.25003397,0.037375942,0.11947596,0.13228416,0.24712121,-0.13481319,-0.21793398,0.12898959,-0.12466544,-0.29046798,0.1668109,0.08657647,0.062856555,-0.23896289,0.21620758,0.20771362,0.23790804,-0.23098783,0.07696352,-0.12046837,-0.05090711
0.026147828,-0.17321548,0.041376315,-0.059277866,0.011731269,0.09212542,0.1253953,-0.010304844,0.12674388,-0.030564178,0.16155405,0.009325197,0.02028988,-0.003843335,-0.06882359,-0.08066316,0.028952556,-0.020028535,0.012739148,-0.05540386,-0.07812309,0.054714385,0.006173503,-0.18604696,0.19888094,0.15950401,-0.002722842,0.09819934,0.041385688,0.055376485,0.004272113,-0.011872486,0.12054281,0.11035128,0.21014689,-0.08811334,-0.052331872,0.09947541,-0.051819723,0.13162796,0.20924938,-0.2291204,0.108769424,-0.03553509,0.057604462,-0.0830216,-0.05676557,-0.08729804,-0.14200954,-0.10939719,0.019350003,-0.08950147,-0.027959134,0.1075135,-0.10346818,-0.055795796,-0.08115933,0.101544484,0.19364887,0.029090006,-0.14697647,0.112597086,0.000420153,-0.019712437
